{
  "bifi-maxi": 0.13351541058470118,
  "cometh-must-eth": 3.40122272586985,
  "cometh-eth-matic": 1.2320367825275582,
  "cometh-matic-must": 1.9764396715170638,
  "cometh-usdc-must": 4.706088106543344,
  "quick-btc-usdc": 0.8506841475672293,
  "quick-vision-quick": 1.7560695035873208,
  "quick-defi5-quick": 1.5784994120065625,
  "quick-cc10-quick": 1.6203324031950372,
  "quick-degen-quick": 1.87403096685666,
  "quick-bifi-eth": 11.623532219423264,
  "quick-bifi-quick": 17.1175996927897,
  "quick-frax-quick": 1.942524866220976,
  "quick-any-quick": 1.7286662501620431,
  "quick-mocean-matic": 0.5802885675057823,
  "quick-ubt-eth": 0.5937394123427675,
  "quick-defi5-eth": 0.48002835981403313,
  "quick-cc10-eth": 0.7180626992734394,
  "quick-degen-eth": 0.6932538525219254,
  "quick-wise-eth": 0.769925279008971,
  "quick-cel-eth": 0.8662429113056338,
  "quick-quick-eth": 1.1493465801191158,
  "quick-mausdc-usdc": 1.5285790198018243,
  "quick-aave-eth": 0.8139091393086919,
  "quick-link-eth": 0.5692065572939231,
  "quick-quick-matic": 1.3170582186279853,
  "quick-eth-matic": 1.1539711928432386,
  "quick-eth-btc": 0.36823200423937363,
  "quick-eth-usdt": 0.9339986644345972,
  "quick-usdc-usdt": 0.22422248228110653,
  "quick-addy-eth": null,
  "quick-vision-eth": 1.2837882302805266,
  "quick-matic-usdc": 10.951490369379844,
  "aave-matic": 0.22107124257523042,
  "aave-dai": 0.22167909783734047,
  "aave-usdc": 0.14390730671720905,
  "aave-eth": 0.13183830129633242,
  "aave-wbtc": 0.19588631464582476,
  "aave-aave": 0.23684850978252525,
  "aave-usdt": 0.11880532662629956,
  "sushi-renDOGE-eth": 0.21227766902052814,
  "sushi-usdc-dai": 0.1268224103472113,
  "sushi-snx-eth": 0.10997228072472254,
  "sushi-crv-eth": 0.2615274863988981,
  "sushi-usdc-usdt": 0.12150007098186144,
  "sushi-link-eth": 0.25947657027355997,
  "sushi-aave-eth": 0.5619974135776329,
  "sushi-eth-dai": 0.6992975106519519,
  "sushi-btc-eth": 0.2682322239145565,
  "sushi-eth-usdt": 0.5908816339425427,
  "sushi-usdc-eth": 0.6541713192469822,
  "sushi-matic-eth": 0.9042102794050395,
  "cometh-bifi-must": 1.8296723820098961,
  "cometh-bifi-eth": 0.6881742131639088,
  "cometh-razor-eth": 2.0332598288879566,
  "cometh-sdt-eth": 3.346703692185856,
  "cometh-doki-eth": 1.9463026919239588,
  "cometh-azuki-eth": 15.36237807660654,
  "pzap-pzap-matic": 901.8885019081229,
  "pzap-pzap-usdc": 1505.7691182842364,
  "polygon-bifi-maxi": 0.7062382050903917,
  "adamant-addy": 0.9621925616817872,
  "curve-am3crv": 0.28031014294571954,
  "iron-titan-matic": 898512.6355227954,
  "iron-iron-usdc": 4.739253722645925,
  "iron-titan-iron": 178708.01737683703,
  "iron-titan": 60.00608968097931,
  "com-png-avax": 0,
  "com-eth-avax": 0.5662433896753978,
  "com-dai-avax": 0.8317476801195105,
  "com-usdt-avax": 0.6045921650359098,
  "com-com-avax": 1.6217300540764805,
  "lyd-lyd-avax": 131.71427982933253,
  "lyd-lyd-usdt": 258.006991955988,
  "png-usdt-avax": 0.3710408749933487,
  "png-png-avax": 1.550655360058272,
  "png-eth-avax": 0.42497675360056597,
  "png-wbtc-avax": 0.348571455806608,
  "png-link-avax": 0.3633369319173734,
  "png-sushi-avax": 0.3593027945755538,
  "png-uni-avax": 0.36846105799360074,
  "png-usdt-png": 1.6220942584223805,
  "snob-snob-avax": 0,
  "snob-3pool": 0,
  "olive-olive-avax": 17.71439461506231,
  "olive-olive-usdt": 24.43845591725231,
  "gondola-eth-zeth": 0.2623368294979891,
  "gondola-usdt-zusdt": 0.23132852652063773,
  "gondola-dai-zdai": 0.3048577130889265,
  "gondola-gdl-zero": 837.2866785166982,
  "gondola-gdl": 29.183196545773402,
  "gondola-gdl-avax": 83.84834388532609,
  "boo-dai-ftm": 2.0766350770694446,
  "boo-any-ftm": 4.062560386279623,
  "boo-woofy-ftm": 1.9891537043576704,
  "boo-bnb-ftm": 2.4299949179413636,
  "boo-link-ftm": 1.8774073433710115,
  "boo-cover-ftm": 2.986441712907086,
  "boo-cream-ftm": 2.462517664085615,
  "boo-snx-ftm": 2.6165861280631315,
  "boo-yfi-ftm": 0,
  "boo-btc-ftm": 1.9321104553415114,
  "boo-usdt-ftm": 2.3439919252200396,
  "boo-crv-ftm": 2.282944590554914,
  "boo-aave-ftm": 1.9913297586179484,
  "boo-eth-ftm": 1.208809363583105,
  "boo-boo-ftm": 8.036130326912042,
  "boo-ftm-usdc": 1.7262664613309595,
  "froyo-3pool": 0.18460812561401863,
  "froyo-froyo-ftm": 11.927795343546673,
  "ester-est": 4.84710130114323,
  "ester-est-ftm": 54.67157583405229,
  "boo-boo": 7.11822706111348,
  "hfi-ht": 0.10610982750870371,
  "hfi-uni": 0.05381177017673769,
  "hfi-husd": 0.08861464962456889,
  "hfi-mdx": 0.9509533340688244,
  "hfi-doge": null,
  "hfi-aave": 0.2608285319941778,
  "hfi-usdt": 0.08726744254561307,
  "lava-lava-wht": 0,
  "lava-lava-usdt": 0,
  "lava-lava": 283489640.3407354,
  "hfi-hfi-ht": 3.956027156511043,
  "hfi-hfi-husd": 2.618578612951416,
  "mdex-shib-usdt": 2.8807079846952184,
  "mdex-bifi-usdt": 8.995233276710938,
  "mdex-eth-wht": 0.43990221197182544,
  "mdex-uni-usdt": 0.5154942045547597,
  "mdex-yfi-usdt": 2.283583056533432,
  "mdex-bal-usdt": 1.8707837256913264,
  "mdex-link-usdt": 0.7962199938378283,
  "mdex-snx-usdt": 2.072232264241947,
  "mdex-aave-usdt": 1.1549121158414697,
  "mdex-lhb-usdt": 3.221512688939362,
  "mdex-hpt-usdt": 1.3005144580153165,
  "mdex-hbtc-wht": 0.31080677164996073,
  "mdex-husd-usdt": 0.22119860212062692,
  "mdex-hltc-usdt": 1.440365482526805,
  "mdex-hbch-usdt": 0.3963942503403348,
  "mdex-hdot-usdt": 1.5261842060698165,
  "mdex-hfil-usdt": 0.7008814004342496,
  "mdex-mdx-usdt": 1.7255030259968498,
  "mdex-mdx-wht": 0.6831608170447758,
  "mdex-wht-husd": 0.30673060781405015,
  "mdex-wht-usdt": 0.7423108338807163,
  "mdex-hbtc-usdt": 0.5616642797866334,
  "mdex-eth-usdt": 0.8778731560107365,
  "heco-bifi-maxi": 1.5049357522246392,
  "mdex-mdx": 3.3414508742081397,
  "1inch-1inch-bnb": 4.243048223806643,
  "1inch-1inch": 0.5489040713845896,
  "alpaca-alpaca-bnb": 0,
  "alpaca-salpaca": 0.6173968820031028,
  "alpaca-ibbnb": 0.09691529224803586,
  "alpaca-ibbusd": 0.06435212811249236,
  "belt-beltbnb": 0.32012562729409044,
  "belt-beltbtc": 0.13666495575147986,
  "belt-belteth": 0.15550276588998546,
  "belt-4belt": 0.2679204209816435,
  "auto-ada-v2": 0.010409708543706264,
  "auto-sxp-v2": 0.046297959206394346,
  "auto-mdex-btc-eth": 0.3403844092516275,
  "auto-wbnb-v2": 0.08088297410516265,
  "auto-busd-v2": 0.039497859604614494,
  "auto-usdt-v2": 0.05516182992180996,
  "auto-usdc-v2": 0.05679142640245671,
  "auto-btc-v2": 0.013058884750711153,
  "auto-eth-v2": 0.013011776434016964,
  "auto-wbnb": 0.08088297410516265,
  "auto-busd": null,
  "auto-btc": null,
  "auto-eth": null,
  "auto-auto-bnb": 1.7840163854706348,
  "auto-cake": 1.4348593562778462,
  "auto-usdt": null,
  "auto-usdc": null,
  "auto-beth-eth": 0,
  "auto-cake-bnb": 0,
  "auto-busd-bnb": 0,
  "auto-btc-bnb": 0,
  "auto-wbnb-old": 0.08088297410516265,
  "auto-busd-old": null,
  "auto-cake-old": 1.4348593562778462,
  "auto-comp-eth": 0,
  "auto-hget-bnb": 0,
  "auto-ctk-bnb": 0,
  "auto-ust-busd": 0,
  "auto-usdt-busd": 0.179628817870346,
  "auto-btcb-eth": 0.3403844092516275,
  "auto-btcb-usdt": 0.6901919661354032,
  "auto-eth-usdt": 1.1329440016709436,
  "auto-eth-beth": 0.1342052328702148,
  "bakery-bake": 0.0895264972875176,
  "bakery-bat-bake": 0.7391544037484359,
  "bakery-bake-bnb": 0.644068655620124,
  "bakery-bake-busd": 0.7110338307137085,
  "bakery-btc-bnb": 0.5871733325734194,
  "bakery-usdt-busd": 0.16353786110404833,
  "beltv2-belt-bnb": 5.8499807940510635,
  "bhc-bhc": 0.2810954101433474,
  "cake-btd-busd": 0.7284190409158986,
  "cake-bts-busd": 12.720542888201567,
  "bunny-bunny": 2.0936944623623215,
  "cake-cake": 1.2537232630569979,
  "cake-smart": 1.2537232630569979,
  "cakev2-vrt-bnb": 15.85208473070131,
  "cakev2-ez-bnb": 36.04867991352612,
  "cakev2-kalm-bnb": 35.849760012632345,
  "cakev2-well-busd": 8.873549463834594,
  "cakev2-popen-bnb": 17.256832352644956,
  "cakev2-deri-busd": 13.322087221414401,
  "cakev2-chr-busd": 3.7318126131966167,
  "cakev2-xend-bnb": 15.554401483358937,